time,working_set_mb,private_mb,free_commit_gb
20:46:14.997,943,854,17.84
20:46:15.216,977,880,17.84
20:46:15.432,977,880,17.84
20:46:15.650,980,883,17.84
20:46:15.870,1009,913,17.84
20:46:16.229,1037,941,17.73
20:46:16.445,1147,1051,17.73
20:46:16.664,1149,1052,17.73
20:46:16.878,1203,1107,17.73
20:46:17.096,1266,1175,17.73
20:46:17.459,1327,1234,17.45
20:46:17.672,1425,1332,17.45
20:46:17.890,1485,1393,17.45
20:46:18.111,1550,1460,17.45
20:46:18.327,1619,1528,17.45
20:46:18.683,1692,1601,17.11
20:46:18.901,1784,1694,17.11
20:46:19.119,1800,1706,17.11
20:46:19.335,1852,1758,17.11
20:46:19.552,1903,1809,17.11
20:46:19.908,1968,1875,16.83
20:46:20.130,2067,1974,16.83
20:46:26.028,3379,3301,16.83
20:46:26.246,3444,3367,16.83
20:46:26.463,3499,3422,16.83
20:46:26.833,3567,3491,15.27
20:46:27.042,3661,3585,15.27
20:46:27.262,3712,3637,15.27
20:46:27.478,3765,3690,15.27
20:46:27.696,3820,3749,15.27
20:46:28.104,3883,3811,14.95
20:46:28.318,3909,3819,14.95
20:46:28.534,3962,3873,14.95
20:46:28.752,4012,3924,14.95
20:46:28.970,4066,3978,14.95
20:46:29.327,4118,4030,14.7
20:46:35.552,5222,5151,14.7
20:46:35.776,5254,5183,14.7
20:46:35.989,5302,5231,14.7
20:46:36.208,5346,5276,14.7
20:46:36.606,5386,5317,13.31
20:46:36.816,5475,5407,13.31
20:46:37.036,5518,5450,13.31
20:46:37.254,5580,5512,13.31
20:46:37.472,5625,5558,13.31
20:46:37.840,5682,5615,13.14
20:46:38.047,5753,5672,13.14
20:46:38.266,5798,5718,13.14
20:46:38.485,5857,5777,13.14
20:46:38.702,5903,5826,13.14
20:46:39.066,5951,5872,12.88
20:46:39.276,6035,5957,12.88
20:46:39.494,6074,5997,12.88
20:46:39.713,6137,6060,12.88
20:46:39.931,6182,6106,12.88
20:46:40.278,6218,6142,12.61
20:46:40.497,6306,6231,12.61
20:46:40.714,6350,6276,12.61
20:46:40.934,6398,6325,12.61
20:46:41.151,6447,6374,12.61
20:46:41.528,6494,6421,12.33
20:46:41.739,6565,6494,12.33
20:46:41.956,6613,6542,12.33
20:46:42.176,6656,6586,12.33
20:46:42.393,6709,6639,12.33
20:46:42.752,6757,6688,12.07
20:46:42.967,6823,6756,12.07
20:46:43.185,6873,6805,12.07
20:46:43.401,6921,6853,12.07
20:46:43.621,6957,6889,12.07
20:46:43.992,7006,6939,11.61
20:46:44.213,7076,7010,11.61
20:46:44.432,7149,7083,11.61
20:46:44.650,7218,7152,11.61
20:46:44.867,7214,7149,11.61
20:46:45.268,7214,7149,11.16
20:46:45.479,7214,7149,11.16
20:46:45.699,7214,7149,11.16
20:46:45.917,7215,7149,11.16
20:46:46.136,7216,7149,11.16
20:46:46.497,7172,7104,11.16
20:46:46.706,7382,7317,11.16
20:46:46.924,7537,7474,11.16
20:46:47.143,7695,7633,11.16
20:46:47.364,7859,7799,11.16
20:46:47.760,8011,7952,10.81
20:46:47.971,8258,8201,10.81
20:46:48.191,8423,8368,10.81
20:46:48.409,8600,8547,10.81
20:46:48.626,8755,8703,10.81
20:46:48.980,8905,8855,9.94
20:46:49.186,9095,9020,9.94
20:46:49.405,9095,9020,9.94
20:46:49.624,9095,9020,9.94
20:46:49.840,9095,9020,9.94
20:46:50.200,9095,9020,9.92
20:46:50.411,9095,9020,9.92
20:46:50.631,9095,9020,9.92
20:46:50.849,9096,9021,9.92
20:46:51.064,9096,9021,9.92
20:46:51.412,9096,9021,9.93
20:46:51.619,9096,9021,9.93
20:46:51.838,9104,9030,9.93
20:46:52.055,9182,9108,9.93
20:46:52.273,9265,9192,9.93
20:46:52.625,9346,9274,9.62
20:46:52.833,9475,9404,9.62
20:46:53.052,9559,9489,9.62
20:46:53.270,9641,9572,9.62
20:46:53.487,9724,9656,9.62
20:46:53.840,9809,9743,9.17
20:46:54.048,9939,9885,9.17
20:46:54.268,10021,9969,9.17
20:46:54.485,10099,10046,9.17
20:46:54.706,10177,10128,9.17
20:46:55.067,10226,10179,8.77
20:46:55.283,10318,10289,8.77
20:46:55.499,10402,10373,8.77
20:46:55.717,10484,10456,8.77
20:46:55.934,10568,10541,8.77
20:46:56.287,10652,10626,8.33
20:46:56.498,10779,10754,8.33
20:46:56.718,10860,10836,8.33
20:46:56.933,10941,10918,8.33
20:46:57.150,11005,10981,8.33
20:46:57.501,10982,10940,8.12
20:46:57.714,10982,10940,8.12
20:46:57.929,10982,10940,8.12
20:46:58.148,10982,10940,8.12
20:46:58.363,10982,10940,8.12
20:46:58.719,10983,10941,8.12
20:46:58.938,10983,10941,8.12
20:46:59.155,10983,10941,8.12
20:46:59.373,10983,10942,8.12
20:46:59.578,10983,10942,8.12
20:46:59.939,10983,10942,8.13
20:47:00.151,10983,10942,8.13
20:47:00.369,10983,10942,8.13
20:47:00.587,10983,10942,8.13
20:47:00.804,10983,10942,8.13
20:47:01.181,10985,10950,8.13
20:47:01.390,10985,10950,8.13
20:47:01.610,10985,10950,8.13
20:47:01.827,10985,10950,8.13
20:47:02.045,10985,10950,8.13
20:47:02.404,10985,10950,8.16
20:47:02.618,10985,10950,8.16
20:47:02.837,10985,10950,8.16
20:47:03.054,10985,10950,8.16
20:47:03.272,10985,10950,8.16
20:47:03.621,10986,10951,8.15
20:47:03.835,10986,10951,8.15
20:47:04.053,10986,10951,8.15
20:47:04.270,10986,10951,8.15
20:47:04.490,11006,10971,8.15
20:47:04.839,11050,11016,8.07
20:47:05.049,11125,11092,8.07
20:47:05.267,11163,11142,8.07
20:47:05.486,11184,11192,8.07
20:47:05.703,11231,11239,8.07
20:47:06.046,11278,11286,7.8
20:47:06.258,11356,11365,7.8
20:47:06.476,11407,11416,7.8
20:47:06.694,11457,11467,7.8
20:47:06.912,11507,11518,7.8
20:47:07.267,11555,11568,7.52
20:47:07.487,11634,11648,7.52
20:47:07.704,11682,11696,7.52
20:47:07.921,11733,11747,7.52
20:47:08.139,11783,11798,7.52
20:47:08.489,11832,11848,7.24
20:47:08.698,11885,11901,7.24
20:47:08.913,11876,11877,7.24
20:47:09.132,11876,11877,7.24
20:47:09.347,11876,11877,7.24
20:47:09.714,11876,11877,7.2
20:47:09.923,11876,11877,7.2
20:47:10.138,11876,11877,7.2
20:47:10.355,11876,11877,7.2
20:47:10.571,11876,11877,7.2
20:47:10.919,11877,11878,7.17
20:47:11.131,11877,11878,7.17
20:47:11.346,11877,11878,7.17
20:47:11.565,11877,11878,7.17
20:47:11.782,11877,11878,7.17
20:47:12.158,11877,11878,7.05
20:47:12.373,11877,11878,7.05
20:47:12.593,11877,11878,7.05
20:47:12.809,11877,11878,7.05
20:47:13.024,11877,11878,7.05
20:47:13.414,11877,11878,6.68
20:47:13.630,11877,11878,6.68
20:47:13.848,11877,11878,6.68
20:47:14.062,11877,11878,6.68
20:47:14.276,11877,11878,6.68
20:47:14.648,11877,11878,6.72
20:47:14.862,11877,11878,6.72
20:47:15.078,11877,11878,6.72
20:47:15.293,11877,11878,6.72
20:47:15.510,11877,11878,6.72
20:47:15.883,11877,11878,6.72
20:47:16.095,11877,11878,6.72
20:47:16.314,11877,11878,6.72
20:47:16.531,11877,11878,6.72
20:47:16.748,11877,11878,6.72
20:47:17.108,11877,11878,7.22
20:47:17.322,11877,11878,7.22
20:47:17.541,11877,11878,7.22
20:47:17.759,11877,11878,7.22
20:47:17.975,11877,11878,7.22
20:47:18.342,11877,11878,7.23
20:47:18.553,11877,11878,7.23
20:47:18.773,11877,11878,7.23
20:47:18.987,11877,11878,7.23
20:47:19.206,11890,11891,7.23
20:47:19.555,11926,11928,7.17
20:47:19.765,11986,11988,7.17
20:47:19.984,12024,12027,7.17
20:47:20.201,12063,12066,7.17
20:47:20.420,12102,12106,7.17
20:47:20.770,12141,12145,6.96
20:47:20.982,12188,12207,6.96
20:47:21.202,12225,12246,6.96
20:47:21.417,12264,12286,6.96
20:47:21.636,12301,12323,6.96
20:47:21.997,12338,12361,6.76
20:47:22.207,12388,12410,6.76
20:47:22.425,12426,12449,6.76
20:47:22.644,12463,12486,6.76
20:47:22.858,12498,12522,6.76
20:47:23.208,12536,12561,6.57
20:47:23.421,12595,12619,6.57
20:47:23.641,12632,12657,6.57
20:47:23.861,12670,12696,6.57
20:47:24.075,12709,12735,6.57
20:47:24.424,12747,12773,6.35
20:47:24.636,12806,12833,6.35
20:47:24.853,12845,12872,6.35
20:47:25.071,12883,12910,6.35
20:47:25.290,12920,12948,6.35
20:47:25.655,12957,12985,6.16
20:47:25.869,13013,13042,6.16
20:47:26.085,13044,13073,6.16
20:47:26.305,13076,13106,6.16
20:47:26.521,13108,13138,6.16
20:47:26.880,13139,13169,5.95
20:47:27.098,13129,13148,5.95
20:47:27.317,13129,13148,5.95
20:47:27.533,13129,13148,5.95
20:47:27.751,13129,13148,5.95
20:47:28.121,13129,13148,5.96
20:47:28.331,13128,13148,5.96
20:47:28.545,13122,13150,5.96
20:47:28.765,13118,13151,5.96
20:47:28.980,13118,13151,5.96
20:47:29.349,13104,13156,5.96
20:47:29.557,13104,13156,5.96
20:47:29.776,13104,13156,5.96
20:47:29.992,13104,13156,5.96
20:47:30.209,13104,13156,5.96
20:47:30.578,13104,13156,5.96
20:47:30.786,13104,13156,5.96
20:47:31.003,13104,13156,5.96
20:47:31.221,13104,13156,5.96
20:47:31.440,13104,13156,5.96
20:47:31.806,13104,13156,5.98
20:47:32.016,13104,13156,5.98
20:47:32.234,13104,13156,5.98
20:47:32.449,13104,13156,5.98
20:47:32.667,13104,13156,5.98
20:47:33.030,13104,13156,5.98
20:47:33.251,13104,13157,5.98
20:47:33.469,13104,13156,5.98
20:47:33.686,13104,13156,5.98
20:47:33.905,13104,13156,5.98
20:47:34.264,13104,13156,5.98
20:47:34.476,13104,13156,5.98
20:47:34.695,13108,13161,5.98
20:47:34.912,13108,13161,5.98
20:47:35.130,13108,13161,5.98
20:47:35.484,13108,13161,6.04
20:47:35.691,13108,13161,6.04
20:47:35.908,13108,13161,6.04
20:47:36.127,13108,13161,6.04
20:47:36.344,13108,13161,6.04
20:47:36.696,13108,13161,6.04
20:47:36.903,13108,13161,6.04
20:47:37.120,13108,13161,6.04
20:47:37.340,13108,13161,6.04
20:47:37.558,13108,13161,6.04
20:47:37.921,13108,13161,6.03
20:47:38.141,13108,13161,6.03
20:47:38.357,13108,13161,6.03
20:47:38.575,13108,13161,6.03
20:47:38.794,13108,13161,6.03
20:47:39.146,13119,13172,6
20:47:39.353,13164,13218,6
20:47:39.570,13196,13250,6
20:47:39.789,13220,13274,6
20:47:40.007,13250,13305,6
20:47:40.368,13278,13333,5.84
20:47:40.579,13260,13374,5.84
20:47:40.797,13283,13398,5.84
20:47:41.018,13315,13429,5.84
20:47:41.237,13344,13459,5.84
20:47:41.607,13373,13488,5.68
20:47:41.828,13320,13535,5.68
20:47:42.045,13245,13560,5.68
20:47:42.261,13211,13571,5.68
20:47:42.479,13164,13586,5.68
20:47:42.838,13085,13611,5.55
20:47:43.052,12973,13650,5.55
20:47:43.269,12994,13671,5.55
20:47:43.486,13015,13692,5.55
20:47:43.702,13035,13713,5.55
20:47:44.072,13062,13739,5.43
20:47:44.279,13098,13776,5.43
20:47:44.493,13126,13804,5.43
20:47:44.711,13155,13834,5.43
20:47:44.929,13186,13865,5.43
20:47:45.288,13218,13897,5.27
20:47:45.503,13259,13938,5.27
20:47:45.723,13286,13965,5.27
20:47:45.941,13317,13997,5.27
20:47:46.156,13345,14025,5.27
20:47:46.517,13372,14053,5.11
20:47:46.730,13411,14092,5.11
20:47:46.946,13440,14121,5.11
20:47:47.164,13472,14154,5.11
20:47:47.379,13502,14184,5.11
20:47:47.760,13462,14209,4.95
20:47:47.971,13498,14246,4.95
20:47:48.188,13530,14278,4.95
20:47:48.405,13555,14303,4.95
20:47:48.611,13553,14332,4.95
20:47:48.962,13529,14361,4.81
20:47:49.171,13398,14405,4.81
20:47:49.387,13311,14434,4.81
20:47:49.603,13226,14463,4.81
20:47:49.819,13197,14485,4.81
20:47:50.181,13219,14508,4.68
20:47:50.390,13233,14522,4.68
20:47:50.607,13261,14550,4.68
20:47:50.824,13292,14581,4.68
20:47:51.041,13323,14613,4.68
20:47:51.394,13349,14639,4.54
20:47:51.614,13395,14685,4.54
20:47:51.828,13426,14717,4.54
20:47:52.045,13439,14727,4.54
20:47:52.261,13474,14727,4.54
20:47:52.621,13474,14707,4.47
20:47:52.836,13476,14708,4.47
20:47:53.051,13476,14708,4.47
20:47:53.269,13476,14708,4.47
20:47:53.484,13476,14708,4.47
20:47:53.838,13476,14708,4.48
20:47:54.046,13476,14708,4.48
20:47:54.260,13476,14708,4.48
20:47:54.475,13476,14708,4.48
20:47:54.695,13476,14708,4.48
20:47:55.049,13476,14708,4.48
20:47:55.268,13476,14708,4.48
20:47:55.484,13476,14708,4.48
20:47:55.701,13476,14708,4.48
20:47:55.917,13476,14708,4.48
20:47:56.276,13476,14708,4.48
20:47:56.490,13476,14708,4.48
20:47:56.706,13476,14708,4.48
20:47:56.923,13476,14708,4.48
20:47:57.141,13476,14708,4.48
20:47:57.510,13476,14708,4.48
20:47:57.721,13476,14708,4.48
20:47:57.935,13483,14723,4.48
20:47:58.154,13483,14723,4.48
20:47:58.370,13483,14723,4.48
20:47:58.723,13483,14723,4.47
20:47:58.932,13483,14723,4.47
20:47:59.151,13483,14723,4.47
20:47:59.368,13483,14723,4.47
20:47:59.586,13483,14723,4.47
20:47:59.941,13483,14723,4.47
20:48:00.147,13483,14723,4.47
20:48:00.366,13483,14723,4.47
20:48:00.583,13483,14723,4.47
20:48:00.800,13483,14723,4.47
20:48:01.151,13483,14723,4.46
20:48:01.360,13483,14723,4.46
20:48:01.575,13483,14723,4.46
20:48:01.794,13483,14723,4.46
20:48:02.011,13483,14723,4.46
20:48:02.369,13483,14723,4.45
20:48:02.588,13483,14723,4.45
20:48:02.805,13483,14723,4.45
20:48:03.022,13483,14723,4.45
20:48:03.241,13483,14723,4.45
20:48:03.588,13483,14723,4.47
20:48:03.796,13483,14723,4.47
20:48:04.015,13483,14723,4.47
20:48:04.232,13483,14723,4.47
20:48:04.450,13483,14723,4.47
20:48:04.807,13483,14723,4.48
20:48:05.023,13483,14723,4.48
20:48:05.241,13483,14723,4.48
20:48:05.459,13483,14723,4.48
20:48:05.676,13483,14723,4.48
20:48:06.031,13483,14723,4.47
20:48:06.250,13483,14723,4.47
20:48:06.466,13483,14723,4.47
20:48:06.684,13483,14723,4.47
20:48:06.902,13483,14723,4.47
20:48:07.267,13483,14723,4.47
20:48:07.477,13483,14723,4.47
20:48:07.695,13483,14723,4.47
20:48:07.911,13483,14723,4.47
20:48:08.127,13483,14723,4.47
20:48:08.484,13483,14723,4.49
20:48:08.701,13483,14723,4.49
20:48:08.919,13483,14723,4.49
20:48:09.137,13483,14723,4.49
20:48:09.355,13483,14723,4.49
20:48:09.708,13483,14723,4.49
20:48:09.916,13483,14723,4.49
20:48:10.130,13486,14726,4.49
20:48:10.345,13503,14744,4.49
20:48:10.563,13529,14769,4.49
20:48:10.917,13554,14795,4.41
20:48:11.122,13585,14827,4.41
20:48:11.339,13609,14851,4.41
20:48:11.556,13633,14874,4.41
20:48:11.769,13657,14899,4.41
20:48:12.124,13683,14925,4.27
20:48:12.344,13717,14959,4.27
20:48:12.563,13738,14980,4.27
20:48:12.780,13748,14991,4.27
20:48:12.997,13768,15011,4.27
20:48:13.354,13793,15036,4.16
20:48:13.559,13823,15067,4.16
20:48:13.773,13850,15093,4.16
20:48:13.991,13875,15119,4.16
20:48:14.207,13900,15144,4.16
20:48:14.579,13925,15170,4.04
20:48:14.799,13964,15209,4.04
20:48:15.017,13990,15235,4.04
20:48:15.236,14012,15257,4.04
20:48:15.455,14037,15283,4.04
20:48:15.806,14063,15309,3.91
20:48:16.012,14097,15343,3.91
20:48:16.230,14123,15369,3.91
20:48:16.446,14148,15395,3.91
20:48:16.663,14166,15412,3.91
20:48:17.017,14176,15423,3.81
20:48:17.231,14191,15438,3.81
20:48:17.447,14203,15450,3.81
20:48:17.663,14220,15467,3.81
20:48:17.877,14237,15484,3.81
20:48:18.249,14255,15502,3.71
20:48:18.465,14265,15513,3.71
20:48:18.680,14280,15528,3.71
20:48:18.895,14286,15534,3.71
20:48:19.112,14294,15542,3.71
20:48:19.468,14302,15550,3.68
20:48:19.685,14315,15563,3.68
20:48:19.901,14331,15580,3.68
20:48:20.117,14349,15597,3.68
20:48:20.337,14365,15614,3.68
20:48:20.700,14386,15635,3.59
20:48:20.913,14421,15670,3.59
20:48:21.131,14447,15697,3.59
20:48:21.348,14467,15717,3.59
20:48:21.563,14492,15742,3.59
20:48:21.915,14518,15768,3.46
20:48:22.124,14554,15804,3.46
20:48:22.343,14576,15827,3.46
20:48:22.562,14601,15852,3.46
20:48:22.779,14628,15879,3.46
20:48:23.131,14655,15906,3.33
20:48:23.341,14681,15933,3.33
20:48:23.558,14706,15957,3.33
20:48:23.777,14727,15979,3.33
20:48:23.994,14753,16005,3.33
20:48:24.351,14777,16030,3.21
20:48:24.571,14811,16064,3.21
20:48:24.787,14837,16090,3.21
20:48:25.006,14863,16117,3.21
20:48:25.224,14891,16144,3.21
20:48:25.576,14909,16163,3.08
20:48:25.782,14946,16200,3.08
20:48:25.999,14972,16227,3.08
20:48:26.215,14996,16251,3.08
20:48:26.431,15021,16276,3.08
20:48:26.801,15045,16300,2.94
20:48:27.157,15064,16319,2.94
20:48:27.517,15080,16335,2.94
20:48:27.872,15111,16367,2.91
20:48:28.221,15146,16402,2.88
20:48:28.573,15179,16435,2.83
20:48:28.919,15216,16472,2.8
20:48:29.287,15251,16508,2.76
20:48:29.646,15282,16539,2.73
20:48:29.991,15310,16568,2.71
20:48:30.368,15341,16599,2.67
20:48:30.710,15371,16629,2.64
20:48:31.057,15406,16664,2.62
20:48:31.418,15398,16692,2.58
20:48:31.774,15358,16710,2.58
20:48:32.121,15386,16739,2.55
20:48:32.470,15416,16769,2.52
20:48:32.839,15450,16803,2.48
20:48:33.180,15441,16832,2.46
20:48:33.536,15358,16859,2.44
20:48:33.905,15261,16809,2.49
20:48:34.251,15261,16809,2.49
20:48:34.610,15261,16809,2.49
20:48:34.974,15261,16809,2.48
20:48:35.322,15262,16810,2.49
20:48:35.665,15262,16810,2.48
20:48:36.011,15262,16810,2.48
20:48:36.358,15262,16810,2.48
20:48:36.707,15262,16810,2.48
20:48:37.050,15262,16810,2.48
20:48:37.406,15262,16810,2.48
20:48:37.765,15262,16810,2.47
20:48:38.105,15262,16810,2.48
20:48:38.453,15262,16810,2.47
20:48:38.794,15262,16810,2.48
20:48:39.148,15262,16810,2.49
20:48:39.495,15262,16810,2.5
20:48:39.834,15262,16810,2.49
20:48:40.173,15262,16810,2.49
20:48:40.531,15262,16810,2.49
20:48:40.881,15262,16810,2.49
20:48:41.224,15262,16810,2.48
20:48:41.569,15262,16810,2.47
20:48:41.913,15262,16810,2.46
20:48:42.273,15262,16810,2.46
20:48:42.624,15262,16810,2.47
20:48:43.001,15262,16810,2.45
20:48:43.352,15262,16810,2.46
20:48:43.693,15262,16810,2.47
20:48:44.051,15262,16810,2.45
20:48:44.401,15262,16810,2.46
20:48:44.745,15262,16810,2.46
20:48:45.085,15262,16810,2.46
20:48:45.427,15261,16809,2.46
20:48:45.769,15261,16809,2.49
20:48:46.118,15261,16809,2.48
20:48:46.471,15261,16809,2.48
20:48:46.825,15261,16809,2.48
20:48:47.169,15261,16809,2.48
20:48:47.523,15262,16810,2.48
20:48:47.868,15262,16810,2.49
20:48:48.226,15262,16810,2.48
20:48:48.577,15262,16810,2.48
20:48:48.923,15262,16810,2.47
20:48:49.264,15262,16810,2.48
20:48:49.605,15262,16810,2.47
20:48:49.947,15263,16810,2.48
20:48:50.298,15263,16810,2.48
20:48:50.643,15263,16810,2.48
20:48:50.988,15263,16810,2.48
20:48:51.327,15263,16810,2.49
20:48:51.669,15263,16810,2.47
20:48:52.026,15263,16810,2.47
20:48:52.382,15263,16810,2.46
20:48:52.723,15263,16810,2.46
20:48:53.073,15263,16810,2.47
20:48:53.423,15263,16810,2.46
20:48:53.763,15263,16810,2.46
20:48:54.103,15263,16810,2.46
20:48:54.443,15263,16810,2.46
20:48:54.783,15263,16810,2.46
20:48:55.127,15263,16810,2.46
20:48:55.474,15263,16810,2.46
20:48:55.827,15263,16810,2.46
20:48:56.166,15263,16810,2.46
20:48:56.520,15263,16810,2.45
20:48:56.875,15263,16810,2.46
20:48:57.239,15263,16810,2.45
20:48:57.584,15263,16810,2.46
20:48:57.927,15263,16810,2.46
20:48:58.272,15263,16810,2.47
20:48:58.616,15263,16810,2.45
20:48:58.963,15263,16810,2.45
20:48:59.313,15263,16810,2.45
20:48:59.663,15263,16810,2.45
20:49:00.011,15263,16810,2.45
20:49:00.349,15263,16810,2.46
20:49:00.703,15263,16810,2.45
20:49:01.053,15263,16810,2.45
20:49:01.402,15263,16810,2.46
20:49:01.738,15263,16810,2.48
20:49:02.080,15259,16806,2.48
20:49:02.414,15259,16806,2.48
20:49:02.758,15259,16806,2.48
20:49:03.098,15259,16806,2.48
20:49:03.449,15259,16806,2.49
20:49:03.802,15259,16806,2.48
20:49:04.147,15259,16806,2.48
20:49:04.494,15259,16806,2.41
20:49:04.860,15259,16806,2.41
20:49:05.234,15259,16806,2.4
20:49:05.590,15259,16806,2.4
20:49:05.962,15259,16806,2.39
20:49:06.327,15259,16806,2.39
20:49:06.712,15259,16806,2.39
20:49:07.067,15259,16806,2.48
20:49:07.408,15259,16806,2.47
20:49:07.746,15259,16806,2.48
20:49:08.091,15259,16806,2.46
20:49:08.428,15259,16806,2.48
20:49:08.791,15259,16806,2.5
20:49:09.125,15259,16806,2.5
20:49:09.470,15259,16807,2.5
20:49:09.828,15280,16827,2.47
20:49:10.170,15299,16847,2.45
20:49:10.510,15318,16866,2.43
20:49:10.858,15343,16891,2.41
20:49:11.199,15366,16914,2.37
20:49:11.543,15387,16935,2.33
20:49:11.882,15413,16962,2.31
20:49:12.230,15437,16986,2.3
20:49:12.572,15460,17009,2.28
20:49:12.927,15484,17033,2.26
20:49:13.268,15501,17057,2.22
20:49:13.637,15486,17066,2.21
20:49:13.987,15433,17084,2.19
20:49:14.368,15400,17093,2.18
20:49:14.734,15355,17107,2.16
20:49:15.095,15329,17116,2.17
20:49:15.468,15322,17125,2.15
20:49:15.812,15346,17149,2.13
20:49:16.159,15371,17174,2.1
20:49:16.498,15390,17193,2.1
20:49:16.846,15414,17217,2.07
20:49:17.191,15434,17238,2.05
20:49:17.532,15456,17259,2.03
20:49:17.874,15483,17287,2.02
20:49:18.225,15506,17310,2
20:49:18.579,15530,17334,1.96
20:49:18.920,15554,17359,1.94
20:49:19.278,15576,17380,1.92
20:49:19.621,15594,17399,1.89
20:49:19.962,15617,17422,1.86
20:49:20.307,15643,17448,1.85
20:49:20.662,15662,17468,1.83
20:49:21.010,15672,17477,1.82
20:49:21.371,15681,17487,1.81
20:49:21.715,15690,17496,1.79
20:49:22.074,15700,17505,1.78
20:49:22.430,15710,17516,1.74
20:49:22.790,15704,17524,1.73
20:49:23.143,15713,17533,1.73
20:49:23.498,15705,17541,1.72
20:49:23.848,15697,17549,1.72
20:49:24.193,15708,17560,1.71
20:49:24.554,15718,17571,1.7
20:49:24.905,15740,17593,1.68
20:49:25.252,15763,17616,1.65
20:49:25.605,15785,17638,1.64
20:49:25.953,15811,17664,1.61
20:49:26.297,15832,17686,1.59
20:49:26.665,15844,17699,1.5
20:49:27.036,15854,17709,1.54
20:49:27.397,15872,17727,1.53
20:49:27.757,15894,17749,1.52
20:49:28.122,15915,17770,1.49
